location,total_cases,total_deaths
United States,305.7639098,3377.500034
China,69.64857308,85.36578934
India,31.75231337,375.4170838
France,575.0739534,2477.179892
Germany,461.0510947,2098.828545
Brazil,174.2200108,3260.900905
South Korea,667.2070616,693.4949273
Japan,272.7156876,602.6057118
Italy,441.4314692,3246.243335
Global,95.78985023,866.6040575
